aX,aY,aZ,gX,gY,gZ
0.291,1.908,1.207,122.192,109.802,44.556
0.266,1.951,0.997,112.793,132.690,-27.100
0.112,1.779,1.038,118.286,141.052,-95.032
-0.211,1.655,1.321,81.177,133.728,-150.024
-0.179,1.352,1.615,80.444,140.320,-203.125
0.023,1.040,1.732,94.910,166.382,-243.835
-0.089,0.694,1.597,76.294,216.248,-263.855
-0.389,0.370,1.427,48.157,257.507,-277.771
-0.403,0.111,1.202,41.748,288.086,-277.527
-0.184,-0.130,0.935,38.818,314.697,-268.494
-0.011,-0.393,0.578,41.077,334.656,-253.845
0.108,-0.630,0.258,32.349,337.708,-227.844
0.223,-0.766,0.050,4.395,315.674,-185.852
0.274,-0.753,-0.044,-30.212,278.992,-133.606
0.304,-0.505,0.039,-56.091,236.267,-78.674
0.287,-0.146,0.228,-70.801,199.341,-38.940
0.292,0.193,0.423,-78.064,177.795,-20.569
0.339,0.467,0.585,-84.106,172.302,-23.010
0.340,0.639,0.686,-89.050,180.969,-42.664
0.287,0.687,0.686,-88.867,200.989,-74.280
0.234,0.632,0.652,-88.196,220.764,-108.887
0.167,0.522,0.575,-88.684,238.586,-138.977
0.118,0.387,0.417,-81.543,257.812,-164.856
0.122,0.243,0.264,-77.271,274.536,-187.134
0.219,0.094,0.107,-71.533,286.987,-204.285
0.342,-0.081,-0.062,-72.205,295.105,-216.125
0.433,-0.243,-0.235,-78.430,294.067,-218.872
0.506,-0.340,-0.298,-95.276,278.137,-210.754
0.575,-0.373,-0.268,-108.948,254.150,-196.472
0.608,-0.346,-0.122,-115.234,234.436,-181.946
0.622,-0.281,0.051,-112.488,225.952,-172.852
0.509,-0.226,0.181,-114.624,235.901,-170.837
0.356,-0.205,0.232,-101.868,257.507,-174.622
0.222,-0.222,0.198,-88.989,286.438,-182.922
0.105,-0.244,0.106,-74.829,318.420,-193.359
-0.070,-0.268,-0.035,-67.078,348.328,-205.444
-0.223,-0.318,-0.175,-66.711,372.437,-220.215
-0.268,-0.383,-0.306,-78.735,391.357,-236.877
-0.310,-0.482,-0.528,-69.763,409.607,-252.075
-0.257,-0.622,-0.800,-50.232,419.556,-263.855
-0.236,-0.824,-1.076,-42.175,413.269,-270.142
-0.218,-1.023,-1.242,-60.852,391.602,-265.625
-0.235,-1.215,-1.454,-66.345,357.849,-250.427
-0.214,-1.359,-1.593,-68.909,316.345,-224.060
-0.141,-1.427,-1.648,-71.289,263.672,-187.195
-0.055,-1.404,-1.615,-71.533,208.679,-145.325
-0.005,-1.266,-1.474,-61.523,156.372,-105.164
0.091,-1.043,-1.237,-67.139,115.662,-73.914
0.186,-0.811,-0.979,-68.909,86.304,-53.772
0.154,-0.594,-0.705,-69.153,69.458,-44.983
0.114,-0.436,-0.477,-75.195,69.458,-47.607
0.049,-0.357,-0.339,-77.881,87.585,-61.096
-0.013,-0.383,-0.399,-56.213,119.446,-80.627
-0.071,-0.510,-0.674,-8.972,152.954,-99.731
-0.107,-0.673,-1.067,39.124,176.086,-112.183
-0.145,-0.853,-1.378,34.485,183.044,-117.798
-0.124,-1.006,-1.616,22.888,166.687,-114.868
-0.095,-1.123,-1.738,15.503,130.066,-103.882
-0.105,-1.175,-1.668,-7.996,81.909,-86.060
-0.118,-1.128,-1.441,-20.752,33.447,-63.477
-0.100,-1.045,-1.215,-21.484,-0.977,-43.701
-0.048,-0.952,-1.048,-9.521,-21.973,-27.954
-0.012,-0.876,-0.948,2.441,-33.447,-16.846
0.017,-0.820,-0.908,12.085,-36.987,-9.827
0.045,-0.799,-0.916,22.034,-36.011,-7.202
0.054,-0.799,-0.948,35.461,-36.621,-6.714
0.075,-0.787,-0.968,44.922,-40.955,-5.371
0.085,-0.775,-0.900,45.959,-47.424,-4.211
0.110,-0.780,-0.830,34.729,-54.260,-3.601
0.124,-0.787,-0.754,29.968,-58.655,-2.808
0.130,-0.785,-0.692,28.931,-58.594,-0.854
0.149,-0.768,-0.631,24.658,-53.345,1.953
0.130,-0.736,-0.579,19.348,-44.128,5.371
0.106,-0.702,-0.609,24.231,-29.907,8.118
0.108,-0.680,-0.712,27.222,-13.733,9.094
0.103,-0.665,-0.847,35.400,-2.930,9.338
0.130,-0.666,-1.012,47.424,2.075,9.033
0.142,-0.679,-1.121,36.621,0.610,8.728
0.135,-0.695,-1.170,28.748,-7.446,9.460
0.100,-0.714,-1.165,24.048,-19.104,11.658
0.056,-0.700,-1.067,17.761,-32.532,15.625
0.003,-0.664,-0.940,13.794,-42.542,20.142
0.001,-0.630,-0.855,17.883,-45.654,22.766
0.022,-0.593,-0.810,24.170,-45.471,24.231
0.049,-0.553,-0.782,25.574,-44.495,24.414
0.045,-0.530,-0.767,24.841,-42.725,22.339
0.051,-0.526,-0.778,27.710,-41.199,19.043
0.090,-0.540,-0.813,26.672,-41.321,15.808
0.135,-0.567,-0.836,21.729,-45.532,14.099
0.161,-0.599,-0.835,23.010,-52.856,14.099
0.178,-0.602,-0.784,21.362,-61.584,16.602
0.179,-0.589,-0.693,12.146,-69.153,19.775
0.171,-0.560,-0.593,5.066,-72.571,22.888
0.167,-0.515,-0.498,0.793,-70.251,25.757
0.174,-0.466,-0.423,-2.502,-59.875,26.550
0.174,-0.425,-0.409,0.671,-43.030,24.475
0.182,-0.402,-0.472,7.202,-21.667,19.836
0.199,-0.404,-0.605,10.498,-2.808,13.611
0.190,-0.427,-0.763,14.526,9.216,7.446
0.170,-0.474,-0.915,18.555,14.709,1.892
0.170,-0.527,-1.044,21.423,12.695,-2.136
0.166,-0.579,-1.124,25.574,2.808,-3.235
0.161,-0.611,-1.132,24.536,-12.573,-2.319
0.164,-0.615,-1.078,25.330,-30.640,0.549
0.188,-0.587,-0.937,20.142,-46.204,4.944
0.225,-0.552,-0.815,12.878,-56.396,8.484
0.244,-0.523,-0.710,9.583,-61.096,10.315
0.267,-0.506,-0.639,9.949,-60.669,10.864
0.285,-0.492,-0.576,8.545,-57.373,10.986
0.291,-0.478,-0.526,6.226,-52.124,10.498
0.286,-0.473,-0.505,8.789,-44.556,9.277
0.284,-0.474,-0.523,14.099,-35.645,7.751
0.289,-0.471,-0.569,18.799,-27.344,6.653
0.314,-0.460,-0.613,19.775,-21.423,5.554
0.334,-0.460,-0.642,19.104,-17.456,3.845
0.344,-0.471,-0.640,17.151,-15.564,1.709
0.347,-0.491,-0.632,17.456,-12.634,0.427
0.337,-0.500,-0.588,20.264,-9.094,0.183
0.345,-0.504,-0.599,27.649,-3.601,0.916
0.119,2.227,-0.137,2.258,14.221,-189.514
0.069,1.999,-0.054,-13.428,-4.028,-258.240
0.034,1.648,0.152,-30.029,-16.602,-319.824
0.060,1.297,0.243,-5.371,-16.846,-362.549
0.111,0.937,0.300,25.574,-5.981,-389.771
0.204,0.623,0.374,26.917,2.563,-399.719
0.303,0.368,0.346,34.363,16.296,-391.663
0.338,0.221,0.344,26.611,29.419,-368.469
0.424,0.246,0.262,23.010,48.950,-330.322
0.362,0.328,0.230,43.030,53.894,-297.485
0.340,0.381,0.164,58.044,56.335,-279.541
0.398,0.391,0.103,73.914,60.242,-270.142
0.507,0.369,0.067,77.332,61.279,-264.893
0.601,0.324,0.050,75.500,60.364,-262.207
0.665,0.240,0.112,62.439,55.481,-263.794
0.670,0.143,0.205,50.659,53.589,-264.832
0.704,0.121,0.258,36.194,59.326,-256.409
0.703,0.159,0.302,26.733,68.054,-246.094
0.613,0.123,0.309,18.250,81.665,-241.760
0.558,0.096,0.394,0.549,85.266,-240.784
0.552,0.047,0.407,14.404,98.755,-237.793
0.509,-0.056,0.445,56.580,110.352,-238.892
0.518,-0.138,0.411,103.577,128.662,-233.032
0.606,-0.264,0.255,128.357,158.691,-224.365
0.565,-0.367,0.035,131.653,184.387,-214.478
0.589,-0.321,-0.316,80.811,203.613,-192.444
0.648,-0.318,-0.523,15.930,198.059,-177.856
0.553,-0.309,-0.429,100.464,169.617,-180.786
0.579,-0.197,-0.403,96.924,155.518,-170.349
0.516,-0.081,-0.589,41.199,156.128,-164.246
0.620,-0.014,-0.565,-5.371,144.165,-167.297
0.525,-0.104,-0.479,29.114,122.986,-190.369
0.480,-0.250,-0.471,27.893,115.784,-201.721
0.555,-0.425,-0.479,25.879,111.816,-210.083
0.516,-0.639,-0.470,-16.418,106.506,-216.125
0.535,-0.776,-0.457,-6.470,102.234,-208.740
0.600,-0.855,-0.464,-9.094,96.436,-191.040
0.635,-0.788,-0.465,3.540,89.172,-171.448
0.564,-0.712,-0.433,-6.042,80.688,-152.588
0.495,-0.626,-0.399,-26.794,77.576,-142.700
0.468,-0.526,-0.411,-54.626,78.552,-135.742
0.439,-0.447,-0.437,-76.904,80.200,-136.047
0.440,-0.406,-0.463,-92.285,80.383,-143.433
0.365,-0.450,-0.483,-95.581,77.148,-157.471
0.376,-0.438,-0.439,-103.821,70.618,-169.006
0.357,-0.469,-0.400,-106.140,65.918,-182.800
0.294,-0.548,-0.406,-100.830,65.369,-199.890
0.255,-0.636,-0.399,-98.145,65.125,-212.891
0.209,-0.766,-0.399,-89.539,63.416,-223.755
0.162,-0.961,-0.460,-61.401,63.110,-233.215
0.167,-1.107,-0.460,-44.189,60.303,-231.628
0.167,-1.190,-0.426,-30.945,55.420,-218.567
0.168,-1.213,-0.367,-15.198,52.490,-200.134
0.142,-1.176,-0.237,-4.211,53.528,-180.237
0.106,-1.164,-0.202,13.977,62.561,-164.001
0.119,-1.201,-0.255,26.550,78.979,-151.062
0.110,-1.276,-0.310,31.067,91.370,-139.160
0.136,-1.319,-0.338,42.908,97.290,-121.155
0.141,-1.334,-0.410,51.697,104.187,-98.999
0.142,-1.332,-0.528,63.782,111.389,-74.341
0.117,-1.274,-0.636,69.092,112.488,-51.636
0.067,-1.182,-0.680,88.684,109.436,-30.151
0.017,-1.070,-0.772,104.004,99.854,-12.878
0.057,-0.988,-0.806,94.604,88.501,-2.136
0.091,-0.895,-0.883,106.323,78.003,4.395
0.104,-0.827,-0.881,97.473,65.308,7.263
0.141,-0.729,-0.820,82.153,49.072,6.958
0.136,-0.697,-0.666,77.209,36.072,3.174
0.102,-0.905,-0.397,43.152,28.198,-6.348
0.046,-1.060,-0.408,53.284,31.799,-5.676
0.058,-1.105,-0.408,54.321,46.814,8.606
0.077,-1.075,-0.557,52.185,62.012,26.794
0.070,-0.975,-0.717,49.072,68.420,44.495
0.093,-0.804,-0.813,36.804,69.702,58.411
0.053,-0.618,-1.046,31.372,70.129,63.782
0.031,-0.542,-1.322,34.912,63.782,55.481
0.055,-0.577,-1.475,29.602,35.095,37.537
0.050,-0.667,-1.401,20.020,-6.226,21.179
0.042,-0.790,-1.112,11.169,-46.387,9.583
0.046,-0.904,-0.832,14.526,-72.266,4.333
0.088,-0.951,-0.598,20.752,-81.421,7.141
0.128,-0.910,-0.396,23.254,-77.515,16.968
0.148,-0.835,-0.272,25.818,-62.500,26.794
0.149,-0.750,-0.261,31.799,-38.086,32.776
0.150,-0.685,-0.311,40.283,-11.780,33.997
0.153,-0.684,-0.595,71.228,8.179,31.372
0.145,-0.676,-0.768,62.500,19.592,28.320
0.140,-0.725,-0.976,63.049,18.982,24.048
0.105,-0.762,-1.131,66.833,7.385,22.034
0.137,-0.769,-1.123,58.533,-15.137,23.865
0.148,-0.757,-0.996,46.448,-40.161,27.100
0.175,-0.693,-0.684,20.874,-55.847,30.457
0.179,-0.611,-0.512,15.259,-60.364,32.715
0.191,-0.557,-0.442,16.785,-51.819,31.311
0.196,-0.528,-0.414,13.000,-36.682,26.794
0.204,-0.504,-0.422,7.935,-21.667,21.667
0.199,-0.519,-0.536,7.263,-5.432,14.343
0.213,-0.585,-0.702,9.399,5.066,6.775
0.210,-0.628,-0.797,7.019,5.127,3.052
0.203,-0.673,-0.852,4.395,-0.610,2.258
0.194,-0.719,-0.865,1.648,-8.118,2.502
0.195,-0.747,-0.861,0.000,-16.541,5.127
0.191,-0.789,-0.842,1.282,-23.865,8.118
0.193,-0.811,-0.810,3.174,-30.457,13.000
0.266,-0.768,-0.701,0.977,-36.804,20.874
0.196,-0.732,-0.694,10.803,-39.307,27.405
0.241,-0.607,-0.519,8.362,-44.495,33.875
0.266,-0.507,-0.427,4.395,-39.368,34.607
0.284,-0.449,-0.420,3.235,-24.231,28.931
0.304,-0.436,-0.474,2.869,-7.996,19.104
0.301,-0.475,-0.571,5.798,3.418,7.996
0.276,-0.567,-0.717,13.550,10.315,-1.160
0.265,-0.667,-0.847,18.188,10.864,-6.226
0.268,-0.727,-0.868,16.296,2.808,-6.165
0.271,-0.743,-0.783,14.954,-7.874,-2.625
0.269,-0.750,-0.676,18.372,-13.855,1.099
0.271,-0.730,-0.637,28.320,-14.160,6.409
0.279,-0.689,-0.611,24.109,-11.108,12.207
0.290,-0.618,-0.604,33.203,-6.531,16.357
0.303,2.249,-0.196,31.799,58.228,-105.469
0.128,2.352,-0.230,21.057,47.913,-157.471
0.035,2.237,-0.249,27.405,32.898,-223.694
-0.094,1.849,-0.233,30.334,15.381,-292.542
-0.120,1.427,-0.135,10.071,-3.540,-345.093
-0.038,1.032,-0.030,3.601,-20.325,-377.380
0.058,0.698,0.120,7.385,-31.006,-388.855
0.162,0.427,0.251,11.902,-33.752,-383.850
0.268,0.239,0.393,13.000,-28.748,-363.892
0.346,0.184,0.501,14.343,-13.916,-332.031
0.395,0.225,0.602,23.193,3.540,-299.377
0.506,0.317,0.637,28.259,28.198,-273.804
0.466,0.421,0.545,42.664,57.739,-256.348
0.522,0.437,0.488,55.603,83.801,-251.221
0.503,0.457,0.358,57.251,107.239,-250.977
0.511,0.453,0.256,58.960,123.413,-252.991
0.498,0.353,0.114,62.866,135.681,-263.123
0.502,0.231,-0.043,55.359,144.775,-271.301
0.592,0.117,-0.162,31.433,145.447,-274.902
0.523,-0.021,-0.257,9.766,138.977,-274.597
0.571,-0.158,-0.221,4.822,124.939,-270.325
0.554,-0.275,-0.153,7.324,109.314,-258.240
0.621,-0.340,-0.024,0.244,98.999,-241.150
0.609,-0.384,0.088,4.944,96.741,-221.558
0.596,-0.348,0.179,8.606,103.149,-200.684
0.603,-0.220,0.234,7.019,115.723,-180.359
0.560,-0.089,0.179,21.301,134.155,-169.922
0.536,-0.005,0.054,34.973,152.405,-170.471
0.502,-0.021,-0.126,46.509,167.603,-179.993
0.520,-0.067,-0.229,42.236,174.744,-192.078
0.479,-0.185,-0.300,41.382,175.171,-203.857
0.455,-0.286,-0.304,31.799,173.401,-211.914
0.522,-0.337,-0.261,16.174,170.471,-213.257
0.481,-0.449,-0.307,18.372,173.462,-214.233
0.477,-0.567,-0.375,24.109,179.443,-213.196
0.411,-0.687,-0.470,33.203,182.617,-206.482
0.376,-0.798,-0.575,44.922,182.678,-193.848
0.352,-0.892,-0.659,49.500,179.871,-177.917
0.327,-0.916,-0.727,45.959,173.279,-155.945
0.358,-0.876,-0.769,37.903,164.917,-132.812
0.387,-0.801,-0.804,34.668,156.494,-113.342
0.397,-0.713,-0.838,37.659,149.109,-98.633
0.436,-0.607,-0.814,31.677,141.052,-89.417
0.401,-0.549,-0.823,23.193,135.864,-85.510
0.390,-0.533,-0.854,13.367,132.080,-86.060
0.385,-0.610,-0.946,5.127,128.296,-89.294
0.378,-0.694,-1.012,-1.038,120.667,-89.417
0.375,-0.762,-1.032,-2.258,107.239,-84.473
0.355,-0.827,-1.076,-2.075,93.872,-76.843
0.375,-0.819,-1.012,-8.545,80.627,-66.956
0.358,-0.776,-0.953,-15.076,65.979,-53.894
0.351,-0.730,-0.916,-18.799,61.707,-45.105
0.347,-0.629,-0.810,-22.278,54.932,-38.330
0.327,-0.495,-0.673,-27.344,52.124,-36.255
0.295,-0.363,-0.554,-32.959,54.565,-40.283
0.275,-0.323,-0.554,-30.334,65.491,-52.002
0.282,-0.437,-0.734,-19.165,79.956,-68.970
0.315,-0.599,-0.938,-13.000,86.670,-81.909
0.313,-0.727,-1.074,-15.686,82.825,-85.632
0.292,-0.835,-1.179,-21.118,71.167,-82.520
0.295,-0.915,-1.219,-24.658,53.223,-74.829
0.272,-0.932,-1.174,-31.189,30.334,-61.157
0.268,-0.894,-1.032,-40.161,7.385,-45.532
0.280,-0.829,-0.885,-47.241,-6.836,-32.898
0.285,-0.740,-0.765,-41.748,-13.672,-23.804
0.309,-0.673,-0.712,-31.677,-14.099,-18.982
0.348,-0.647,-0.698,-22.034,-9.583,-19.409
0.350,-0.615,-0.665,-19.409,-6.653,-20.569
0.348,-0.599,-0.640,-18.555,-3.418,-22.461
0.335,-0.609,-0.634,-16.479,0.183,-26.001
0.307,-0.647,-0.675,-8.789,4.395,-28.381
0.316,-0.727,-0.777,-3.113,7.874,-30.090
0.325,-0.788,-0.871,4.211,6.470,-28.442
0.320,-0.813,-0.923,14.404,0.366,-22.583
0.331,-0.840,-0.947,18.921,-7.629,-16.235
0.338,-0.829,-0.897,18.188,-17.700,-8.728
0.320,-0.748,-0.787,18.921,-27.771,-0.977
0.315,-0.654,-0.679,24.048,-33.813,3.540
0.339,-0.594,-0.590,24.353,-34.424,3.662
0.342,-0.562,-0.523,25.757,-30.029,1.221
0.334,-0.557,-0.500,28.442,-21.423,-2.197
0.331,-0.583,-0.537,31.799,-10.254,-5.554
0.311,-0.634,-0.621,31.555,0.183,-8.179
0.259,-0.679,-0.744,27.100,6.409,-7.751
0.294,-0.719,-0.852,-71.289,7.996,1.404
0.382,-0.505,-0.811,-189.636,-8.606,21.118
0.403,-0.406,-0.548,-118.713,-19.348,11.414
0.337,-0.494,-0.432,-75.134,-14.648,-9.583
0.266,-0.653,-0.414,-53.650,-2.991,-24.048
0.275,-0.760,-0.444,-52.734,9.033,-26.489
0.283,-0.776,-0.488,-53.162,18.372,-21.851
0.260,-0.775,-0.581,-37.964,25.574,-18.066
0.254,-0.796,-0.716,-19.409,29.846,-16.724
0.214,-0.786,-0.805,-3.540,27.161,-14.221
0.249,-0.825,-0.844,19.592,17.395,-12.695
0.228,-0.908,-0.872,29.236,6.104,-12.207
0.216,-0.894,-0.787,25.330,-6.592,-3.418
0.219,-0.784,-0.656,18.555,-16.235,7.568
0.226,-0.655,-0.560,8.240,-17.822,13.916
0.240,-0.565,-0.526,0.000,-12.817,12.512
0.267,-0.570,-0.573,-2.441,-4.944,5.066
0.274,-0.656,-0.667,-1.587,0.732,-3.235
0.257,-0.752,-0.732,1.709,0.488,-7.385
0.249,-0.797,-0.717,5.127,-4.089,-6.287
0.252,-0.785,-0.655,7.019,-8.850,-2.380
0.254,-0.758,-0.625,10.803,-9.399,1.404
0.263,-0.719,-0.611,13.428,-7.507,4.333
0.273,-0.670,-0.598,16.174,-5.615,5.737
0.282,-0.645,-0.608,19.653,-3.174,4.456
0.293,-0.655,-0.636,23.437,-0.488,0.916
0.295,-0.687,-0.659,23.865,0.366,-1.770
0.295,-0.711,-0.672,20.813,0.000,-2.502
0.291,-0.718,-0.660,18.860,-0.977,-2.136
0.283,-0.714,-0.662,24.475,-2.075,-0.854
0.292,-0.712,-0.666,21.057,-1.892,0.427
0.301,-0.700,-0.668,15.930,-1.587,1.709
0.311,-0.682,-0.668,7.874,-1.587,2.686
0.310,-0.686,-0.691,4.333,-1.160,2.563
0.304,-0.696,-0.698,2.380,-1.404,2.197
0.384,1.964,-0.360,14.343,31.067,-66.406
0.252,2.095,-0.427,16.418,23.987,-104.553
0.193,2.108,-0.477,24.841,10.681,-155.457
0.176,1.901,-0.465,31.433,-7.507,-216.309
0.167,1.589,-0.407,23.865,-26.917,-269.775
0.130,1.302,-0.319,15.930,-44.128,-305.969
0.172,1.073,-0.194,9.155,-59.631,-326.172
0.186,0.874,-0.091,8.545,-68.604,-334.351
0.204,0.718,0.012,11.230,-72.510,-333.862
0.235,0.622,0.127,11.780,-72.693,-325.562
0.279,0.550,0.226,24.292,-67.566,-315.491
0.337,0.495,0.293,37.170,-57.190,-306.641
0.409,0.428,0.319,53.528,-43.030,-299.866
0.466,0.292,0.288,70.740,-26.489,-298.096
0.539,0.152,0.233,76.782,-11.169,-294.983
0.611,0.056,0.182,69.946,0.244,-285.278
0.665,0.002,0.141,66.711,8.911,-271.423
0.656,0.022,0.094,66.650,14.954,-255.066
0.645,0.129,0.070,68.176,18.982,-239.441
0.633,0.244,0.052,66.467,21.179,-232.239
0.547,0.295,0.027,69.275,22.522,-235.046
0.516,0.257,0.030,75.928,22.278,-241.455
0.535,0.132,0.030,81.238,20.752,-249.329
0.584,0.022,0.036,81.726,18.555,-251.526
0.619,-0.044,0.071,65.674,15.564,-246.399
0.688,-0.115,0.129,54.688,12.512,-239.990
0.705,-0.161,0.194,47.546,14.160,-231.934
0.712,-0.143,0.263,50.354,19.226,-221.313
0.668,-0.145,0.291,58.777,29.541,-214.783
0.625,-0.155,0.307,69.336,43.274,-214.539
0.590,-0.178,0.298,72.571,59.326,-217.041
0.599,-0.172,0.267,73.242,76.904,-219.421
0.566,-0.184,0.191,82.214,93.506,-222.351
0.524,-0.181,0.115,88.745,107.361,-225.891
0.501,-0.200,0.059,90.515,116.516,-229.675
0.450,-0.263,-0.014,90.393,123.352,-236.755
0.430,-0.362,-0.073,88.135,127.380,-243.225
0.431,-0.492,-0.138,84.045,130.615,-247.681
0.437,-0.617,-0.209,81.421,132.141,-247.253
0.427,-0.730,-0.242,67.139,132.690,-243.347
0.424,-0.826,-0.264,46.631,132.874,-235.474
0.261,-0.914,-0.406,28.259,132.874,-222.351
0.414,-0.826,-0.250,-57.678,132.202,-201.965
0.366,-0.759,-0.308,-49.683,124.207,-190.063
0.315,-0.782,-0.361,-10.559,119.690,-192.383
0.336,-0.835,-0.403,-10.193,115.845,-193.604
0.322,-0.849,-0.399,-19.226,109.375,-189.392
0.312,-0.849,-0.376,-24.902,101.929,-184.448
0.289,-0.845,-0.345,-30.518,96.008,-180.359
0.272,-0.843,-0.313,-36.133,93.445,-178.650
0.237,-0.879,-0.313,-38.696,93.567,-179.993
0.220,-0.930,-0.339,-34.729,95.032,-182.007
0.172,-1.000,-0.387,-29.419,96.313,-182.617
0.137,-1.066,-0.454,-22.522,95.520,-180.786
0.127,-1.123,-0.486,-25.085,91.248,-175.476
0.102,-1.188,-0.570,-10.437,83.984,-166.443
0.118,-1.213,-0.544,-20.569,75.378,-154.724
0.130,-1.224,-0.525,-29.114,64.941,-141.907
0.124,-1.216,-0.494,-25.940,54.932,-128.784
0.116,-1.200,-0.447,-23.132,47.119,-116.943
0.083,-1.178,-0.423,-15.686,43.091,-106.323
0.077,-1.150,-0.404,-15.381,40.588,-96.497
0.077,-1.165,-0.404,-9.277,39.185,-89.111
0.058,-1.202,-0.449,3.662,37.720,-81.909
0.070,-1.252,-0.516,-9.277,34.607,-73.364
0.098,-1.282,-0.545,-7.996,28.809,-63.354
0.083,-1.297,-0.601,5.676,21.484,-51.514
0.063,-1.273,-0.551,0.183,14.221,-39.246
0.076,-1.240,-0.529,-5.737,7.446,-28.625
0.085,-1.202,-0.526,0.061,1.221,-19.104
0.079,-1.180,-0.523,2.563,-3.296,-11.414
0.092,-1.176,-0.521,-0.305,-7.690,-5.737
0.117,-1.137,-0.467,-3.784,-13.367,-0.793
0.134,-1.062,-0.395,1.587,-19.287,5.127
0.129,-0.981,-0.311,3.235,-21.484,8.423
0.129,-0.928,-0.260,1.465,-18.066,7.019
0.118,-0.909,-0.252,-0.549,-10.620,2.563
0.114,-0.926,-0.309,-3.845,-2.686,-2.441
0.124,-0.948,-0.357,-7.385,0.549,-5.432
0.090,-0.965,-0.371,-1.465,-1.282,-5.737
0.078,-1.002,-0.388,3.967,-3.967,-4.517
0.088,-1.044,-0.408,3.967,-7.141,-2.380
0.113,-1.063,-0.414,3.296,-11.230,1.526
0.139,-1.027,-0.370,-0.916,-16.296,7.507
0.135,-0.960,-0.298,-5.676,-20.447,12.512
0.126,-0.906,-0.251,-7.751,-21.240,14.771
0.107,-0.867,-0.235,-5.615,-19.775,15.259
0.118,-0.839,-0.247,-0.244,-17.944,14.465
0.136,-0.862,-0.282,5.371,-15.808,11.536
0.163,-0.935,-0.313,4.089,-13.977,6.897
0.167,-0.952,-0.300,1.770,-14.648,6.531
0.166,-0.920,-0.246,-1.587,-15.869,8.362
0.148,-0.884,-0.192,-3.113,-14.099,8.850
0.143,-0.848,-0.161,-3.601,-9.277,7.507
0.136,-0.826,-0.183,-3.418,-1.587,3.662
0.140,-0.833,-0.239,-4.211,5.676,-1.404
0.116,-0.862,-0.299,-1.648,8.972,-5.798
0.103,-0.902,-0.339,5.371,7.996,-8.118
0.104,-0.974,-0.372,5.127,5.798,-9.521
0.119,-1.033,-0.392,3.296,2.380,-8.118
0.129,-1.066,-0.382,-0.061,-1.587,-3.662
0.126,-1.068,-0.344,-0.793,-5.493,1.953
0.105,-1.042,-0.308,4.761,-8.301,9.399
0.115,-1.025,-0.304,8.484,-7.568,14.771
0.140,-1.001,-0.309,8.606,-5.737,18.372
0.145,-0.944,-0.310,5.615,-4.761,21.545
0.157,-0.873,-0.292,0.549,-4.395,21.851
0.146,-0.827,-0.282,-1.282,-3.113,18.494
0.140,-0.824,-0.286,-1.282,-0.916,12.024
0.098,-0.875,-0.325,1.953,1.160,4.944
0.161,-0.936,-0.350,2.136,0.916,0.732
0.140,-0.980,-0.369,1.831,-0.427,-0.244
0.153,-1.025,-0.367,0.977,-2.075,0.061
0.158,-1.063,-0.359,3.906,-4.333,3.662
0.158,-1.052,-0.339,3.662,-6.531,10.010
0.158,-0.988,-0.316,1.465,-7.629,16.418
0.161,-0.910,-0.284,-0.916,-7.202,19.226
0.142,-0.858,-0.272,0.610,-5.676,18.127
0.134,-0.837,-0.296,5.127,-2.930,14.160
0.261,1.904,-0.551,41.626,-60.242,-12.329
0.291,2.017,-0.560,40.955,-70.313,-49.927
0.320,2.074,-0.531,28.809,-80.444,-96.313
0.213,2.035,-0.523,28.503,-90.515,-146.301
0.131,1.950,-0.540,15.686,-96.680,-193.909
0.061,1.891,-0.467,19.104,-107.117,-234.741
-0.016,1.836,-0.428,9.338,-117.310,-271.545
-0.157,1.650,-0.377,6.836,-127.319,-310.242
-0.168,1.322,-0.356,7.568,-138.855,-349.609
-0.152,0.989,-0.273,-0.854,-153.931,-374.939
-0.105,0.675,-0.136,-5.066,-169.006,-386.047
0.050,0.430,0.016,-14.954,-178.711,-383.667
0.129,0.239,0.186,-27.466,-182.495,-369.812
0.297,0.164,0.347,-33.447,-178.528,-345.886
0.401,0.199,0.453,-32.410,-164.185,-317.627
0.374,0.372,0.482,-31.982,-142.334,-293.030
0.378,0.608,0.426,-17.395,-119.629,-278.992
0.425,0.682,0.272,6.897,-98.328,-286.499
0.260,0.539,0.253,23.132,-85.754,-307.068
0.271,0.303,0.289,21.545,-79.712,-325.867
0.406,0.105,0.234,13.733,-70.862,-332.825
0.475,-0.063,0.200,5.005,-64.941,-329.224
0.411,-0.270,0.262,1.770,-65.491,-322.815
0.452,-0.456,0.371,-1.221,-63.293,-307.922
0.494,-0.568,0.433,0.427,-53.345,-281.799
0.548,-0.619,0.415,10.132,-37.292,-249.817
0.598,-0.607,0.390,12.695,-20.386,-216.553
0.650,-0.498,0.299,22.400,-7.141,-184.570
0.659,-0.340,0.300,31.067,2.441,-160.706
0.692,-0.163,0.219,54.504,10.864,-146.729
0.797,-0.099,0.194,54.138,16.968,-148.132
0.834,-0.112,0.166,48.340,21.301,-155.396
0.810,-0.177,0.097,49.377,24.841,-162.842
0.788,-0.209,0.083,23.621,23.743,-167.664
0.754,-0.173,0.114,23.926,21.545,-169.006
0.703,-0.253,0.101,42.969,21.973,-175.659
0.688,-0.366,0.093,21.484,23.132,-184.570
0.713,-0.438,0.070,16.357,23.560,-186.890
0.694,-0.484,0.083,8.118,23.804,-186.890
0.685,-0.497,0.081,10.315,23.926,-185.181
0.676,-0.484,0.156,21.667,24.536,-184.448
0.625,-0.464,0.086,31.921,26.733,-184.937
0.618,-0.571,0.028,-3.662,29.724,-192.688
0.597,-0.690,-0.040,-6.531,30.029,-198.303
0.594,-0.780,-0.070,-10.986,25.757,-197.388
0.560,-0.816,-0.058,-22.705,19.165,-193.115
0.502,-0.787,-0.027,-32.471,12.634,-185.974
0.445,-0.760,-0.010,-35.461,7.874,-181.763
0.390,-0.758,-0.029,-35.583,4.761,-180.786
0.321,-0.787,-0.044,-32.410,1.038,-181.519
0.462,-0.756,-0.040,-23.743,-4.333,-181.946
0.397,-0.906,-0.048,-22.949,-8.728,-188.904
0.402,-1.011,-0.011,-24.170,-14.893,-188.721
0.382,-1.051,0.057,-26.794,-21.240,-180.115
0.315,-1.007,0.121,-28.809,-24.109,-167.114
0.424,-0.834,0.160,-26.367,-23.560,-155.334
0.371,-0.925,0.132,-25.146,-18.372,-159.363
0.305,-1.005,0.084,-19.958,-15.076,-162.964
0.320,-0.917,0.083,-16.357,-16.602,-157.898
0.211,-1.002,0.035,-12.512,-18.127,-156.860
0.247,-1.103,0.007,-11.780,-21.118,-159.058
0.260,-1.158,0.035,-10.071,-27.954,-153.259
0.256,-1.177,0.096,-8.118,-33.813,-144.897
0.219,-1.152,0.178,-3.357,-36.316,-134.460
0.193,-1.048,0.231,2.441,-34.119,-122.681
0.197,-0.982,0.244,2.930,-28.442,-115.784
0.187,-0.988,0.218,1.343,-21.240,-115.173
0.209,-1.014,0.166,1.831,-15.747,-114.868
0.177,-1.061,0.120,0.244,-13.733,-113.403
0.189,-1.074,0.111,-4.395,-14.832,-110.352
0.173,-1.114,0.118,-5.615,-17.151,-108.154
0.148,-1.139,0.143,-6.470,-19.104,-104.614
0.131,-1.145,0.177,-8.728,-19.958,-99.121
0.118,-1.148,0.185,-7.385,-18.555,-93.140
0.096,-1.169,0.163,-2.686,-15.869,-87.341
0.103,-1.164,0.146,-0.366,-14.465,-80.139
0.130,-1.148,0.139,1.465,-14.709,-72.937
0.159,-1.146,0.160,-0.427,-15.930,-67.322
0.157,-1.131,0.205,-2.869,-16.602,-61.584
0.148,-1.109,0.249,-2.930,-15.198,-55.725
0.130,-1.097,0.278,-3.662,-10.986,-51.392
0.088,-1.098,0.266,-4.211,-4.028,-47.791
0.063,-1.145,0.206,-2.563,2.380,-45.044
0.029,-1.209,0.107,2.075,6.958,-40.100
0.014,-1.262,0.031,2.197,6.348,-31.799
0.016,-1.280,0.013,-0.610,0.610,-20.264
0.027,-1.216,0.087,-3.540,-6.836,-6.836
0.029,-1.125,0.160,3.601,-12.207,4.211
0.015,-1.070,0.187,11.230,-11.841,9.827
0.017,-1.054,0.178,11.719,-8.362,11.353
0.033,-1.059,0.141,11.963,-5.005,11.414
0.052,-1.060,0.112,10.986,-3.601,11.169
0.070,-1.046,0.110,6.409,-4.395,11.108
0.039,-1.001,0.147,4.578,-6.470,12.024
-0.001,-0.972,0.160,7.812,-6.653,12.817
0.007,-0.999,0.135,8.972,-4.883,10.498
0.021,-1.027,0.107,7.996,-3.723,8.911
0.039,-1.008,0.101,6.531,-4.944,9.705
0.042,-0.963,0.111,4.211,-7.324,10.681
0.036,-0.953,0.125,0.610,-9.094,9.338
0.053,-0.972,0.138,0.488,-10.376,8.301
0.087,-0.965,0.166,4.456,-11.902,9.827
0.089,-0.940,0.199,7.385,-12.024,11.230
0.086,-0.916,0.232,5.615,-9.705,10.132
0.077,-0.887,0.242,1.526,-5.249,7.507
0.052,-0.876,0.223,-2.625,0.183,2.686
0.031,-0.913,0.162,-2.930,5.188,-2.502
0.020,-0.980,0.087,-1.160,7.141,-5.249
0.037,-1.032,0.060,-3.052,4.700,-5.066
0.047,-1.035,0.096,-4.333,-0.305,-1.892
0.043,-0.986,0.163,-1.465,-4.028,2.563
0.049,-0.941,0.201,0.000,-3.845,5.005
0.069,-0.946,0.195,0.305,-1.160,3.723
0.069,-0.992,0.151,1.892,1.953,2.441
0.063,-1.044,0.111,2.502,2.808,3.235
0.056,-1.066,0.116,-0.427,1.038,5.920
0.046,-1.017,0.141,-0.732,-0.610,9.766
0.046,-0.960,0.145,2.380,-0.671,10.925
0.051,-0.938,0.123,2.930,0.122,7.935
0.609,1.553,-0.643,8.606,30.762,-103.821
0.503,1.569,-0.883,1.099,22.583,-129.822
0.345,1.550,-0.968,-14.893,-5.005,-158.630
0.298,1.529,-1.001,-16.907,-41.016,-182.251
0.285,1.443,-0.929,-34.607,-82.336,-205.322
0.306,1.313,-0.713,-52.063,-120.483,-225.464
0.354,1.236,-0.471,-54.382,-147.461,-238.220
0.403,1.190,-0.219,-51.880,-162.598,-248.169
0.377,1.154,-0.019,-40.405,-165.100,-258.545
0.314,1.160,0.102,-21.118,-155.151,-267.944
0.304,1.148,0.118,6.958,-138.123,-279.236
0.355,1.066,0.066,18.494,-122.864,-296.265
0.346,0.895,-0.063,25.330,-111.145,-315.063
0.307,0.733,-0.087,33.142,-108.887,-332.520
0.405,0.594,-0.045,14.709,-113.647,-344.727
0.333,0.447,-0.075,14.648,-116.699,-352.539
0.295,0.337,0.016,-7.080,-122.437,-356.995
0.323,0.209,0.125,-23.254,-129.517,-359.253
0.403,0.035,0.302,-26.672,-133.850,-359.619
0.465,-0.135,0.465,-37.354,-131.165,-353.027
0.466,-0.255,0.560,-31.982,-115.540,-334.900
0.500,-0.304,0.655,-22.156,-91.919,-307.007
0.569,-0.330,0.709,-2.563,-65.002,-280.334
0.667,-0.389,0.701,18.066,-35.156,-259.399
0.693,-0.407,0.633,26.489,-3.845,-239.441
0.652,-0.355,0.475,50.171,25.208,-215.271
0.586,-0.234,0.261,80.139,46.936,-193.542
0.595,-0.087,0.036,94.421,59.021,-180.603
0.598,-0.028,-0.114,110.291,57.251,-181.396
0.611,-0.043,-0.178,121.521,46.143,-191.223
0.640,-0.104,-0.177,109.680,34.241,-203.247
0.555,-0.263,-0.389,63.721,24.902,-214.844
0.649,-0.229,-0.166,-66.162,13.611,-217.896
0.571,-0.358,0.082,-21.423,-9.277,-230.652
0.500,-0.454,0.229,-15.930,-14.221,-235.291
0.499,-0.546,0.336,-10.498,-5.493,-232.544
0.488,-0.635,0.347,1.221,7.629,-229.797
0.476,-0.636,0.263,20.752,25.452,-219.971
0.468,-0.703,0.103,35.583,40.222,-212.830
0.482,-0.835,-0.037,38.696,46.753,-209.473
0.505,-0.807,-0.105,35.156,45.776,-197.327
0.474,-0.822,-0.131,75.195,35.889,-187.988
0.452,-0.772,-0.110,105.713,27.832,-178.894
0.428,-0.678,-0.048,100.403,25.635,-169.556
0.415,-0.631,0.015,101.440,27.710,-169.067
0.315,-0.599,0.032,104.736,35.156,-173.340
0.243,-0.655,-0.012,98.877,46.753,-181.152
0.208,-0.671,-0.140,86.060,58.167,-187.561
0.181,-0.714,-0.275,74.280,62.927,-191.223
0.173,-0.818,-0.345,77.881,59.875,-198.669
0.167,-0.957,-0.365,85.876,51.208,-202.209
0.162,-1.112,-0.340,85.022,43.518,-201.965
0.121,-1.207,-0.275,86.060,37.659,-192.139
0.112,-1.182,-0.195,93.323,34.485,-172.729
0.118,-1.054,-0.163,96.619,36.377,-151.306
0.142,-0.939,0.043,50.598,40.771,-138.977
0.106,-0.965,0.048,-47.302,51.636,-137.939
0.029,-1.034,-0.000,-54.810,79.346,-140.015
0.112,-1.123,-0.263,-105.591,99.609,-137.268
0.001,-1.112,-0.370,-98.755,96.313,-130.188
-0.093,-0.901,-0.219,-87.463,79.834,-120.117
0.073,-0.614,-0.037,-84.412,72.632,-119.812
0.344,-0.654,-0.227,-48.645,82.947,-141.724
0.066,-1.076,-0.558,13.611,89.539,-170.288
0.013,-1.655,-0.661,11.658,73.547,-177.612
0.005,-1.766,-0.404,18.677,41.626,-146.667
0.006,-1.494,-0.075,44.312,22.949,-97.778
0.080,-1.278,0.041,57.373,29.785,-66.101
0.081,-1.283,-0.108,69.580,47.668,-50.293
0.041,-1.373,-0.300,72.388,58.655,-36.316
0.034,-1.489,-0.336,63.293,56.396,-15.869
0.046,-1.278,-0.219,62.805,47.241,12.939
0.072,-0.818,-0.232,59.326,48.035,32.471
0.059,-0.511,-0.574,49.194,54.199,24.780
-0.037,-0.642,-0.792,29.907,47.974,-6.897
-0.009,-1.036,-0.802,22.339,23.621,-37.354
0.006,-1.298,-0.638,6.165,-5.493,-43.030
-0.036,-1.352,-0.427,0.122,-26.672,-29.602
-0.061,-1.250,-0.232,10.620,-33.630,-10.559
-0.028,-1.115,-0.093,23.865,-27.344,3.784
0.047,-1.013,-0.106,29.419,-10.925,9.888
0.107,-0.973,-0.198,22.095,6.653,8.667
0.098,-1.091,-0.239,-0.183,18.066,2.258
0.060,-1.140,-0.333,-17.944,23.499,3.235
0.029,-1.092,-0.316,-11.597,22.888,11.047
0.045,-1.014,-0.238,-36.499,20.142,16.479
0.043,-0.954,-0.105,-54.016,24.292,16.785
0.038,-0.958,-0.102,-79.834,35.339,12.207
0.037,-1.005,-0.181,-94.604,49.744,5.554
0.049,-1.051,-0.240,-102.905,57.617,1.709
0.055,-1.113,-0.265,-120.361,57.739,2.380
-0.027,-1.188,-0.274,-121.277,55.725,5.066
-0.419,-1.283,-0.373,-88.684,53.162,11.230
-0.696,-1.210,-0.561,-114.624,54.932,23.071
0.201,-0.972,-0.583,-116.089,28.076,31.067
0.276,-0.661,-0.360,-47.180,-5.371,23.071
0.159,-0.656,-0.141,-60.547,-14.526,-3.296
-0.119,-0.820,0.022,-45.166,-15.503,-25.391
-0.143,-1.019,0.075,-45.349,-11.414,-34.851
-0.013,-1.112,0.017,-39.612,-3.540,-34.363
0.094,-1.145,-0.091,-31.006,3.723,-31.311
0.111,-1.128,-0.154,-24.658,5.920,-24.780
0.064,-1.117,-0.182,-19.165,3.906,-16.479
-0.025,-1.114,-0.142,-20.142,-0.916,-8.911
-0.066,-1.082,-0.097,-20.386,-5.554,-2.380
-0.040,-1.039,-0.072,-24.902,-8.484,2.319
0.023,-1.016,-0.036,-32.227,-10.010,2.869
0.029,-1.010,-0.010,-34.973,-10.071,1.587
0.021,-1.006,0.030,-31.616,-8.423,2.625
0.237,-0.895,0.063,-22.217,-5.127,6.470
-0.031,-0.920,0.019,-1.282,1.770,5.432
-0.055,-0.963,0.079,-20.935,8.179,4.700
0.056,-0.923,0.046,-14.465,12.939,7.385
0.060,-0.905,-0.011,-22.461,17.944,5.981
-0.133,-0.940,-0.067,-26.489,22.034,1.831
-0.036,-0.934,-0.188,-5.859,19.165,0.977
-0.086,-0.974,-0.174,-0.427,7.812,0.549
-0.061,-1.039,-0.073,-9.583,-1.587,-0.916
0.012,-1.035,-0.006,-18.250,-6.042,1.953
0.361,1.499,-0.638,11.475,-80.566,-114.197
0.354,1.427,-0.571,5.066,-100.708,-135.254
0.318,1.333,-0.434,4.639,-119.629,-155.273
0.319,1.271,-0.301,6.897,-131.348,-171.631
0.353,1.203,-0.210,18.005,-136.230,-185.486
0.380,1.126,-0.132,30.884,-135.986,-197.327
0.436,1.057,-0.059,44.189,-132.568,-206.421
0.477,1.009,-0.054,49.744,-126.587,-211.792
0.732,1.208,0.132,11.353,-124.878,-208.496
0.148,1.190,-0.159,24.658,-118.469,-211.914
-0.070,1.136,-0.153,52.979,-110.535,-234.192
0.228,0.978,-0.137,74.463,-112.549,-253.357
0.361,0.821,-0.120,92.529,-115.234,-265.015
0.361,0.673,-0.044,91.431,-118.103,-270.752
0.446,0.510,0.146,76.477,-124.695,-271.545
0.500,0.357,0.341,72.083,-125.122,-264.648
0.452,0.217,0.508,72.205,-114.929,-251.465
0.467,0.065,0.620,78.979,-95.276,-235.352
0.540,-0.078,0.652,87.708,-68.420,-215.820
0.625,-0.152,0.621,88.684,-37.964,-190.125
0.677,-0.101,0.544,86.304,-10.132,-160.278
0.707,0.077,0.442,88.806,12.085,-132.996
0.710,0.340,0.341,90.210,28.809,-114.624
0.704,0.621,0.220,95.703,39.978,-109.070
0.674,0.825,0.118,89.355,44.556,-121.338
0.666,0.974,0.036,81.848,41.626,-149.170
0.632,0.865,0.081,52.490,33.691,-191.406
0.573,0.599,0.077,73.425,26.489,-231.567
0.580,0.307,0.100,78.735,21.179,-256.042
0.544,0.037,0.140,61.096,16.235,-268.799
0.539,-0.144,0.156,55.115,14.099,-265.686
0.557,-0.226,0.165,54.993,13.794,-250.977
0.569,-0.241,0.203,56.519,14.648,-232.239
0.610,-0.314,0.194,61.279,18.738,-217.957
0.615,-0.387,0.211,58.105,22.217,-205.994
0.615,-0.363,0.242,51.819,26.001,-189.880
0.664,-0.278,0.283,44.373,32.043,-175.110
0.693,-0.224,0.248,37.720,40.466,-169.800
0.809,-0.210,0.058,32.471,47.607,-172.729
0.643,-0.150,0.308,-40.710,44.678,-177.063
0.527,-0.296,0.105,-10.437,50.598,-188.171
0.559,-0.440,-0.076,24.536,53.101,-194.763
0.510,-0.506,-0.108,39.429,45.044,-192.444
0.531,-0.499,-0.059,28.503,32.166,-184.448
0.510,-0.323,0.361,-24.292,18.372,-175.415
0.357,-0.290,0.277,-26.062,23.132,-176.086
0.353,-0.411,0.190,0.916,41.016,-190.613
0.416,-0.637,-0.018,24.536,52.002,-206.604
0.523,-0.860,-0.207,34.424,49.133,-212.708
0.583,-0.978,-0.198,14.038,31.006,-204.224
0.563,-0.997,-0.071,-3.906,11.047,-189.026
0.501,-0.938,0.082,-12.634,-1.770,-172.668
0.442,-0.871,0.175,-16.296,-3.967,-160.767
0.426,-0.827,0.202,-16.052,1.648,-154.419
0.395,-0.801,0.191,-11.658,10.925,-152.161
0.377,-0.780,0.161,-6.714,21.118,-153.137
0.338,-0.796,0.026,7.263,28.992,-155.640
0.309,-0.838,-0.064,10.193,31.677,-158.691
0.319,-0.952,-0.186,3.174,27.710,-161.743
0.298,-1.032,-0.157,-7.141,17.944,-161.011
0.286,-1.061,-0.142,-13.245,5.432,-153.625
0.252,-1.055,-0.085,-16.602,-4.639,-145.081
0.282,-1.052,-0.036,-8.118,-11.230,-138.794
0.291,-1.080,-0.098,-8.667,-17.273,-133.179
0.250,-1.070,0.075,-11.719,-22.339,-128.296
0.301,-1.111,-0.073,16.968,-23.499,-123.657
0.365,-1.111,0.053,-6.836,-32.227,-117.126
0.386,-1.224,-0.013,-9.521,-34.973,-114.014
0.454,-1.302,0.036,9.399,-35.278,-108.215
0.412,-1.232,0.163,3.296,-39.429,-92.834
0.382,-1.098,0.211,5.249,-36.560,-77.637
0.402,-1.012,0.230,14.648,-28.564,-72.144
0.358,-0.989,0.191,30.090,-18.677,-72.327
0.425,-1.043,0.164,22.034,-10.132,-76.416
0.298,-1.013,0.276,-14.099,-2.319,-77.393
0.265,-1.046,0.173,19.958,14.282,-79.346
0.241,-1.156,-0.235,41.199,22.278,-80.750
0.287,-1.261,-0.343,48.584,13.672,-78.247
0.467,-1.311,-0.390,35.278,-9.460,-68.054
0.224,-1.219,0.244,-47.302,-33.264,-54.810
0.282,-1.249,0.113,34.485,-21.484,-44.983
0.277,-1.349,0.021,16.907,-13.367,-37.415
0.417,-1.330,-0.055,-3.296,-9.216,-25.208
0.391,-1.277,-0.051,-1.343,-13.672,-14.526
0.409,-1.277,-0.029,-5.005,-20.325,-10.193
0.380,-1.419,-0.035,-5.371,-23.987,-9.888
0.345,-1.347,0.045,-13.733,-28.748,-1.038
0.259,-1.253,0.073,-7.263,-31.433,10.864
0.247,-1.110,0.071,3.296,-29.785,22.766
0.266,-1.010,0.101,2.014,-27.710,27.954
0.256,-0.929,0.161,-2.380,-25.452,28.687
0.249,-0.774,0.156,7.568,-19.653,29.297
0.259,-0.606,0.123,1.648,-10.864,24.353
0.142,-0.582,0.359,-36.194,-12.268,7.019
0.207,-0.612,0.403,-99.365,-13.428,-15.808
0.301,-0.604,0.445,-43.701,4.883,-36.316
0.407,-0.704,0.258,-48.157,22.095,-57.861
0.571,-0.781,0.095,-56.274,31.555,-79.041
0.433,-1.002,-0.108,-38.147,30.457,-95.703
0.237,-1.290,-0.224,-33.691,17.212,-104.126
0.292,-1.372,-0.074,-67.871,-8.301,-89.966
0.261,-1.269,0.237,-62.073,-29.907,-64.270
0.242,-1.137,0.464,-50.354,-32.349,-40.039
0.053,-1.005,0.493,-18.738,-17.578,-22.888
-0.008,-0.960,0.412,5.066,2.930,-14.221
0.070,-0.970,0.167,23.621,15.442,-8.728
0.115,-0.928,-0.004,8.362,16.968,-3.174
0.125,-0.864,0.029,1.221,6.592,-1.587
0.094,-1.061,0.034,-7.385,-0.183,-8.423
0.203,-1.227,0.118,-45.837,-5.798,-12.390
0.192,-1.208,0.228,-39.917,-11.475,-4.272
0.173,-1.089,0.268,-26.550,-9.827,6.348
0.170,-0.959,0.241,-20.691,-4.272,13.672
0.140,-0.883,0.191,-21.423,0.061,13.733
0.142,-0.850,0.143,-20.935,0.793,9.277
0.170,-0.853,0.153,-21.423,-2.319,4.150
0.155,-0.882,0.243,-23.010,-5.737,-0.854
0.157,-0.966,0.265,-30.579,-5.249,-3.662
0.179,-0.982,0.253,-28.442,-2.563,-3.296
0.319,1.706,-0.631,15.137,-29.480,-92.957
0.322,1.693,-0.644,11.902,-46.631,-122.131
0.315,1.521,-0.612,7.568,-64.575,-153.442
0.343,1.351,-0.534,5.493,-80.505,-174.927
0.367,1.254,-0.454,10.681,-91.187,-184.204
0.354,1.260,-0.425,13.306,-96.375,-186.523
0.342,1.339,-0.417,7.385,-99.121,-189.209
0.583,1.412,-0.454,12.329,-101.990,-197.266
0.560,1.394,-0.353,18.250,-106.934,-211.121
0.271,1.292,-0.453,64.880,-107.849,-229.919
0.156,1.218,-0.492,67.322,-113.281,-242.920
0.274,1.211,-0.400,51.392,-126.587,-248.840
0.306,1.167,-0.317,52.917,-137.573,-253.174
0.227,1.089,-0.329,97.107,-142.761,-262.817
0.238,0.986,-0.194,76.233,-153.320,-273.499
0.232,0.825,-0.020,58.289,-162.231,-287.354
0.250,0.711,0.138,47.668,-162.598,-292.542
0.303,0.607,0.229,55.359,-155.151,-293.518
0.383,0.474,0.391,53.101,-144.714,-294.006
0.408,0.271,0.523,50.781,-129.150,-291.748
0.421,0.122,0.633,57.373,-103.760,-280.334
0.417,0.039,0.605,64.209,-70.618,-257.935
0.416,0.011,0.454,71.472,-38.757,-233.826
0.423,0.057,0.328,74.341,-16.296,-210.205
0.439,0.141,0.218,86.853,-3.418,-191.284
0.468,0.243,0.149,92.590,1.770,-180.542
0.452,0.368,0.155,90.820,1.892,-179.565
0.422,0.417,0.167,90.393,1.526,-190.002
0.400,0.337,0.213,80.383,2.563,-208.801
0.365,0.202,0.179,84.412,6.165,-229.797
0.372,0.089,0.152,81.299,9.888,-244.873
0.404,-0.019,0.137,73.242,9.583,-252.625
0.425,-0.068,0.151,57.617,7.568,-252.686
0.429,-0.070,0.192,48.889,5.005,-248.962
0.415,-0.091,0.253,48.828,4.517,-246.948
0.373,-0.142,0.267,47.424,7.507,-248.474
0.321,-0.170,0.248,41.870,14.038,-250.732
0.271,-0.271,0.155,47.729,19.348,-254.028
0.270,-0.451,0.076,50.659,19.897,-257.812
0.297,-0.596,0.045,40.710,15.381,-255.310
0.332,-0.702,0.032,32.837,7.202,-246.338
0.383,-0.790,0.074,28.870,-1.892,-234.619
0.428,-0.833,0.138,28.687,-9.949,-221.375
0.450,-0.811,0.189,20.691,-13.611,-208.496
0.483,-0.765,0.213,11.108,-12.756,-198.853
0.501,-0.671,0.206,8.423,-9.888,-193.726
0.503,-0.593,0.182,4.883,-6.897,-195.435
0.461,-0.628,0.127,3.357,-5.737,-204.102
0.398,-0.728,0.098,5.310,-7.996,-212.219
0.352,-0.833,0.093,17.334,-12.329,-214.539
0.307,-0.907,0.119,21.118,-16.113,-211.121
0.280,-0.962,0.175,10.498,-17.639,-205.688
0.272,-1.062,0.111,19.348,-16.785,-200.073
0.285,-1.128,0.065,23.865,-17.639,-191.345
0.295,-1.109,0.064,27.649,-21.423,-178.406
0.311,-1.062,0.095,23.987,-26.306,-168.152
0.329,-1.028,0.140,10.193,-29.846,-162.842
0.344,-1.009,0.173,2.808,-31.250,-160.461
0.351,-1.024,0.194,0.000,-31.128,-160.156
0.340,-1.058,0.238,-7.141,-30.334,-160.461
0.371,-1.056,0.331,-15.198,-26.978,-158.203
0.313,-1.200,0.216,9.277,-19.043,-157.471
0.285,-1.326,0.182,10.132,-15.198,-151.062
0.274,-1.338,0.226,5.188,-15.259,-135.864
0.227,-1.325,0.219,7.874,-13.000,-119.202
0.194,-1.322,0.174,13.367,-8.240,-105.225
0.171,-1.301,0.114,16.846,-6.042,-91.858
0.161,-1.283,0.066,21.912,-6.470,-80.627
0.161,-1.225,0.051,19.653,-9.338,-71.350
0.175,-1.196,0.042,13.000,-13.489,-66.040
0.214,-1.208,0.045,12.024,-19.348,-63.721
0.236,-1.220,0.103,8.728,-25.146,-60.669
0.235,-1.184,0.190,2.319,-28.259,-56.152
0.219,-1.123,0.245,-0.305,-26.184,-51.880
0.213,-1.074,0.235,2.930,-20.630,-50.110
0.185,-1.061,0.164,7.874,-14.832,-50.171
0.154,-1.096,0.097,8.118,-13.123,-49.744
0.146,-1.135,0.097,2.563,-16.418,-47.058
0.138,-1.141,0.157,-2.136,-21.423,-41.077
0.146,-1.154,0.200,1.160,-23.437,-33.691
0.167,-1.182,0.214,3.174,-22.339,-26.062
0.185,-1.195,0.227,1.709,-20.874,-16.541
0.193,-1.177,0.234,1.648,-18.677,-5.066
0.193,-1.180,0.235,1.892,-16.357,5.554
0.210,-1.185,0.251,0.183,-14.526,16.602
0.221,-1.139,0.275,-1.282,-12.207,28.320
0.195,-1.081,0.283,-0.122,-8.606,38.269
0.239,-1.014,0.286,4.089,-4.761,45.349
0.254,-0.857,0.261,10.681,-0.732,49.072
0.239,-0.792,0.216,11.658,3.174,40.161
0.238,-0.751,0.161,11.414,5.066,25.879
0.226,-0.745,0.123,9.399,3.906,10.681
0.213,-0.813,0.117,5.920,0.366,-3.906
0.201,-0.927,0.137,2.136,-2.869,-14.282
0.200,-1.037,0.173,-2.319,-5.615,-17.944
0.211,-1.104,0.213,-4.456,-6.592,-14.221
0.221,-1.121,0.235,-3.418,-5.066,-6.592
0.219,-1.097,0.240,-2.014,-2.258,1.099
0.198,-1.099,0.227,3.479,0.244,7.874
0.192,-1.112,0.177,11.719,2.991,14.099
0.217,-1.077,0.153,12.756,4.028,20.874
0.250,-0.998,0.174,7.141,3.052,25.085
0.246,-0.915,0.194,5.127,3.296,24.719
0.222,-0.885,0.167,7.935,5.249,19.653
0.205,-0.908,0.119,8.240,6.531,12.817
0.210,-0.973,0.112,3.601,5.005,6.958
0.224,-0.966,0.178,-2.197,2.380,5.005
0.225,-0.912,0.218,-2.319,2.991,4.456
0.205,-0.921,0.158,-0.732,7.446,0.000
0.174,-0.966,0.089,-4.822,9.521,-4.456
0.155,-1.009,0.083,-8.484,6.531,-5.920
0.143,-1.064,0.107,-4.700,1.587,-3.357
0.153,-1.079,0.164,-5.676,-1.404,1.831
0.173,-0.996,0.224,-7.568,-1.648,9.888
0.185,-0.918,0.196,-2.625,1.404,14.343
0.163,-0.891,0.141,-2.441,5.066,12.573
0.131,-0.939,0.100,-2.808,4.456,8.301
0.119,-0.993,0.076,2.319,0.488,7.996
0.125,-1.032,0.107,3.662,-4.395,11.963
0.030,-1.658,0.464,-360.779,29.846,-198.364
0.207,-2.116,-0.314,-250.061,58.899,-169.739
0.370,-2.249,-0.527,-197.510,59.082,-120.728
0.407,-1.977,-0.278,-192.261,26.550,-53.223
0.392,-1.487,0.032,-159.119,5.920,3.906
0.332,-1.034,0.093,-94.360,8.972,37.537
0.306,-0.794,-0.067,-49.561,22.888,38.025
0.328,-0.771,-0.287,-28.137,28.625,18.433
0.312,-0.912,-0.341,-23.560,18.066,-4.822
0.288,-1.139,-0.236,-22.400,0.366,-19.104
0.248,-1.365,-0.114,-18.188,-11.047,-19.165
0.242,-1.449,-0.042,-14.832,-14.404,-3.662
0.280,-1.383,-0.029,-8.057,-12.695,19.653
0.311,-1.196,-0.034,-5.493,-10.986,39.917
0.349,-1.011,-0.034,-9.155,-10.803,49.561
0.379,-0.897,-0.014,-13.672,-12.390,48.462
0.385,-0.833,0.039,-17.639,-14.587,41.443
0.401,-0.792,0.094,-19.836,-15.381,33.203
0.424,-0.763,0.146,-19.531,-13.855,25.146
0.418,-0.753,0.148,-13.306,-10.498,17.517
0.426,-0.788,0.137,-13.794,-5.859,9.216
0.413,-0.821,0.115,-11.414,-2.686,3.357
0.400,-0.836,0.115,-10.132,-1.587,0.977
0.383,-0.848,0.113,-8.179,-0.977,-0.122
0.366,-0.900,0.075,-3.174,0.183,0.061
0.372,-0.981,0.043,-2.319,0.610,1.770
0.386,-0.967,0.088,-0.061,-1.404,8.911
0.370,-0.871,0.159,5.859,-2.319,17.151
0.358,-0.818,0.148,12.146,1.221,19.836
0.377,-0.768,0.083,13.367,5.981,18.860
0.384,-0.705,0.035,10.498,7.141,15.747
0.399,-0.671,0.059,4.150,4.395,8.667
0.400,-0.710,0.091,3.845,1.465,-1.038
0.390,-0.793,0.096,6.775,2.014,-9.949
0.392,-0.867,0.064,5.371,4.089,-15.808
0.397,-0.895,0.048,3.845,4.700,-16.907
0.389,-0.906,0.057,0.671,3.906,-17.029
0.399,-0.909,0.084,-4.150,3.540,-17.761
0.370,-0.975,0.084,-0.488,4.395,-18.005
0.371,-1.021,0.063,4.456,6.592,-15.320
0.371,-0.986,0.050,6.653,7.690,-9.094
0.370,-0.898,0.054,8.667,7.996,-5.249
0.360,-0.826,0.061,8.728,8.484,-6.897
0.360,-0.853,0.046,9.216,9.888,-13.672
0.345,-0.952,0.015,10.010,10.742,-20.264
0.336,-1.028,-0.000,10.681,9.888,-21.301
0.333,-1.048,0.003,10.010,7.996,-16.907
0.338,-1.028,0.010,7.996,6.348,-10.803
0.340,-1.010,0.004,5.554,5.493,-5.981
0.339,-1.011,-0.011,2.808,4.883,-3.845
0.348,-1.028,-0.018,2.930,3.357,-2.686
0.350,-1.031,-0.007,4.456,0.793,-0.305
0.362,-0.998,0.030,2.747,-0.610,3.113
0.363,-0.965,0.041,0.977,-0.061,5.188
0.357,-0.944,0.030,-1.953,1.831,4.517
0.344,-0.953,-0.014,-2.808,3.540,3.296
0.349,-1.016,-0.058,-0.305,3.052,1.770
0.354,-1.013,-0.022,1.038,-0.854,4.211
0.355,-0.941,0.051,2.563,-3.723,8.606
0.357,-0.858,0.085,2.563,-2.319,8.850
0.350,-0.822,0.044,8.423,0.427,5.371
0.353,-0.863,-0.009,12.512,2.014,0.061
0.348,-0.941,-0.013,8.362,0.183,-3.479
0.357,-0.982,0.030,4.761,-2.991,-2.625
0.364,-0.969,0.067,2.197,-3.784,1.343
0.376,-0.922,0.083,1.465,-2.441,5.432
0.367,-0.896,0.060,3.784,-0.549,7.019
0.353,-0.888,0.019,4.944,0.916,6.104
0.343,-0.888,-0.001,2.380,0.427,4.517
0.339,-0.905,0.003,-0.366,-1.282,3.052
0.336,-0.929,0.016,-2.930,-2.686,2.380
0.343,-0.943,0.028,-4.639,-3.723,3.296
0.361,-0.937,0.045,-3.723,-4.028,4.761
0.367,-0.910,0.059,0.244,-3.845,6.775
0.353,-0.937,0.054,3.174,-2.563,6.897
0.361,-0.984,0.037,5.005,-1.648,6.531
0.371,-0.954,0.057,4.211,-1.465,9.277
0.383,-0.892,0.080,2.930,-0.732,11.108
0.384,-0.840,0.067,6.714,1.831,9.216
0.389,-0.822,0.041,7.874,4.578,4.028
0.400,-0.845,0.018,6.531,5.188,-1.831
0.395,-0.897,0.021,4.578,4.395,-6.836
0.380,-0.959,0.036,3.357,3.540,-9.583
0.365,-1.026,0.026,7.507,3.540,-8.545
0.367,-1.072,0.014,9.583,3.845,-4.089
0.377,-1.079,0.009,10.315,3.845,2.502
0.404,-1.083,-0.001,16.113,3.296,10.864
0.396,-1.107,-0.015,24.719,2.502,18.005
0.388,-1.075,0.008,27.283,1.099,25.818
0.380,-0.989,0.023,36.255,1.038,33.569
0.389,-0.902,-0.008,41.199,2.930,37.170
0.387,-0.877,-0.056,38.147,4.395,34.668
0.381,-0.869,-0.067,29.663,2.869,30.151
0.395,-0.864,-0.049,22.766,-0.061,26.245
0.402,-0.880,-0.025,16.052,-1.343,22.400
0.428,-0.901,0.037,8.240,-1.160,19.348
0.429,-0.906,0.062,7.507,1.099,18.616
0.589,-0.853,0.623,-39.246,0.427,19.531
0.254,-0.891,0.390,-82.947,21.301,16.479
0.373,-0.955,-0.054,5.005,62.805,17.578
0.478,-0.925,-0.213,-4.028,67.261,18.921
0.448,-0.860,-0.182,-26.978,52.368,18.982
0.453,-0.843,-0.143,-19.714,39.185,14.954
0.611,-0.840,-0.092,-25.635,28.992,10.071
0.796,-0.856,0.166,-64.636,19.897,7.324
0.564,-0.839,0.358,-78.064,20.691,5.737
0.327,-0.908,0.362,-60.913,40.955,0.183
0.115,-0.896,0.186,-51.697,65.796,-2.563
0.049,-0.649,0.028,-42.236,80.994,-1.038
0.112,-0.723,-0.361,-2.502,87.280,-11.902
0.362,-0.873,-0.622,14.526,72.083,-27.161
0.380,-0.986,-0.597,9.094,30.029,-28.381
0.306,-1.021,-0.330,10.681,-10.742,-21.729
0.070,-1.026,-0.038,1.831,-36.499,-13.123
0.397,-0.935,0.351,-53.162,-37.354,-5.798
0.594,-0.853,0.324,-33.752,-24.536,1.404
0.270,-0.970,0.176,31.677,-5.371,-3.052
0.389,-0.976,-0.001,19.104,5.859,-2.869
0.447,-0.980,-0.139,16.296,7.690,1.709
0.704,2.441,-0.647,20.264,11.719,-112.061
0.917,2.706,-1.269,-3.723,10.864,-150.696
0.457,3.447,-1.635,6.409,-16.602,-166.138
-0.204,4.000,-1.486,64.087,-58.167,-220.886
-1.307,4.000,-1.751,41.016,-98.877,-406.128
-2.009,4.000,-1.602,-1.831,-171.326,-601.685
-2.200,2.971,-0.653,34.485,-265.747,-765.076
-2.147,1.524,0.097,92.590,-309.204,-843.445
-1.941,0.438,0.661,113.953,-303.772,-838.989
-1.547,-0.418,1.171,84.473,-265.076,-793.945
-1.111,-0.726,1.694,9.583,-200.195,-714.050
-1.281,-0.609,1.564,-5.005,-105.652,-624.146
-1.148,-0.911,0.805,34.790,-5.859,-563.171
-0.967,-1.538,0.144,90.942,47.729,-519.775
-0.800,-2.138,-0.136,120.056,47.668,-461.304
-0.524,-2.239,0.035,91.797,20.691,-374.146
-0.254,-1.720,0.271,55.969,0.977,-274.780
-0.133,-0.995,0.261,53.772,-0.549,-205.200
-0.125,-0.534,0.124,75.928,2.075,-187.866
-0.129,-0.396,-0.005,114.868,-4.517,-208.984
-0.085,-0.443,-0.075,143.494,-20.935,-244.751
-0.029,-0.686,0.021,128.479,-44.067,-280.762
0.080,-0.991,0.214,90.149,-64.087,-295.471
0.341,-1.223,0.332,66.589,-70.374,-279.114
0.600,-1.325,0.482,27.283,-66.223,-240.601
0.700,-1.196,0.587,-20.508,-53.833,-188.721
0.624,-1.017,0.577,-42.419,-30.884,-141.052
0.682,-0.801,0.474,-34.851,-6.531,-105.652
0.729,-0.400,0.347,-24.353,14.038,-88.867
0.619,-0.458,0.253,-20.264,28.992,-110.718
0.636,-0.628,0.167,2.869,35.156,-141.541
0.611,-0.697,0.201,12.817,38.513,-166.077
0.471,-0.913,0.198,26.001,45.349,-193.176
0.396,-1.245,0.080,33.142,57.922,-211.243
0.352,-1.515,-0.075,27.832,65.857,-209.839
0.321,-1.642,-0.195,19.165,64.270,-188.171
0.321,-1.641,-0.178,10.559,53.650,-155.701
0.330,-1.538,-0.137,11.047,41.931,-122.131
0.344,-1.415,-0.100,6.958,34.851,-92.590
0.357,-1.363,-0.140,11.230,30.151,-71.289
0.384,-1.363,-0.181,13.916,24.902,-54.077
0.424,-1.350,-0.170,15.381,15.381,-37.598
0.440,-1.296,-0.124,12.939,5.127,-21.790
0.464,-1.220,-0.063,9.460,-2.136,-8.179
0.478,-1.156,-0.022,10.437,-5.981,-0.061
0.486,-1.112,-0.016,11.780,-6.958,3.235
0.486,-1.072,-0.035,11.780,-7.385,3.418
0.475,-1.043,-0.025,8.911,-9.583,2.014
0.515,-1.041,0.008,4.272,-12.329,0.610
0.519,-1.060,0.022,2.869,-12.695,-1.465
0.503,-1.066,0.024,0.916,-11.963,-2.502
0.501,-1.030,0.033,-0.977,-11.902,-1.404
0.491,-0.986,0.039,-1.526,-12.268,0.183
0.459,-0.977,0.026,-3.052,-12.695,-0.244
0.451,-0.976,0.052,-5.310,-14.465,0.732
0.471,-0.970,0.087,-2.563,-15.869,3.845
0.472,-0.955,0.094,-0.977,-14.648,6.348
0.453,-0.915,0.082,-2.380,-12.878,8.179
0.438,-0.859,0.072,-3.784,-12.451,9.216
0.443,-0.823,0.087,-5.005,-13.611,8.362
0.448,-0.848,0.107,-4.395,-14.465,5.737
0.452,-0.873,0.135,-3.296,-13.184,3.784
0.422,-0.900,0.090,-3.967,-10.071,3.723
0.420,-0.895,0.051,-2.869,-10.315,6.836
0.431,-0.872,0.073,-2.441,-13.916,10.986
0.454,-0.842,0.160,-3.479,-16.724,13.306
0.458,-0.799,0.184,-0.977,-14.465,13.916
0.452,-0.803,0.120,3.357,-9.583,12.085
0.448,-0.825,0.063,4.456,-8.179,9.521
0.434,-0.851,0.083,2.197,-12.024,9.094
0.441,-0.873,0.112,1.099,-15.625,11.047
0.472,-0.854,0.155,1.160,-17.029,15.198
0.501,-0.790,0.209,0.916,-15.747,18.799
0.511,-0.777,0.182,3.418,-10.437,17.639
0.512,-0.809,0.124,5.066,-6.226,14.038
0.540,-0.814,0.120,2.930,-6.653,11.902
0.551,-0.779,0.165,-0.732,-8.667,10.010
0.554,-0.728,0.240,-4.150,-7.751,6.409
0.589,-0.679,0.299,-2.991,-1.587,0.732
0.553,-0.687,0.201,2.869,10.010,-8.118
0.509,-0.803,0.064,2.747,17.395,-18.860
0.495,-0.892,0.035,-1.953,14.282,-23.376
0.480,-0.935,0.101,-5.310,7.629,-21.057
0.454,-0.984,0.126,-6.042,5.615,-15.625
0.483,-1.025,0.107,-2.197,6.409,-7.385
0.501,-0.947,0.119,2.258,7.385,2.563
0.492,-0.867,0.108,3.723,9.338,6.592
0.452,-0.873,0.056,1.953,11.536,3.357
0.453,-0.930,-0.004,-1.343,11.047,-1.282
0.448,-0.950,0.011,-1.160,6.409,-2.625
0.453,-0.957,0.070,-2.930,1.831,-2.014
0.453,-0.951,0.090,-2.869,1.160,-0.793
0.439,-0.936,0.086,-0.488,2.502,1.221
0.442,-0.929,0.075,4.761,2.869,4.089
0.483,-0.934,0.082,5.920,2.808,6.775
0.473,-0.939,0.069,4.883,3.296,8.362
0.458,-0.904,0.056,3.052,2.991,9.460
0.453,-0.866,0.051,2.197,1.526,9.277
0.434,-0.884,0.056,1.648,-0.427,6.775
0.445,-0.921,0.115,0.366,-2.014,4.822
0.447,-0.920,0.116,1.648,-1.099,5.859
0.440,-0.910,0.061,2.808,0.610,7.568
0.438,-0.881,0.052,1.709,-0.732,8.972
0.433,-0.865,0.095,-0.366,-3.967,9.644
0.443,-0.892,0.123,-2.686,-5.432,9.460
0.464,-0.914,0.123,-4.761,-4.211,11.047
0.468,-0.888,0.111,-7.629,-2.869,14.160
0.466,-0.845,0.103,-8.545,-2.502,15.930
0.465,-0.797,0.125,-7.446,-3.174,15.625
0.486,-0.765,0.148,-5.066,-2.869,13.000
0.490,-0.758,0.125,-1.770,-1.221,8.179
0.484,-0.800,0.104,1.526,-0.427,2.197
0.470,-0.844,0.111,1.099,-1.160,-1.404
0.465,-0.853,0.128,-1.160,-1.648,-2.014
0.469,-0.854,0.122,-3.174,-1.343,-1.160
0.475,-0.842,0.114,-0.488,-1.221,-0.061
0.490,-0.850,0.136,0.732,-1.526,0.549
0.500,-0.864,0.127,1.099,-0.977,0.793
0.508,-0.856,0.117,0.671,-0.366,1.709
-0.079,2.054,-0.593,10.437,17.822,-164.001
-0.099,1.795,-0.612,-5.981,-1.892,-217.163
-0.120,1.292,-0.459,-18.066,-23.621,-269.531
-0.051,0.969,-0.375,-28.870,-38.147,-285.889
-0.006,0.734,-0.192,-31.067,-49.133,-280.701
0.042,0.692,-0.006,-29.175,-51.697,-264.404
0.106,0.576,-0.006,-8.606,-40.710,-252.319
0.183,0.434,-0.093,1.587,-28.137,-245.911
0.253,0.387,-0.137,-1.648,-23.315,-234.985
0.284,0.402,-0.111,-7.812,-24.170,-222.290
0.327,0.475,-0.068,-16.174,-24.231,-213.135
0.349,0.601,-0.101,-23.254,-21.667,-210.693
0.356,0.709,-0.199,-24.292,-20.081,-218.567
0.379,0.715,-0.207,-21.851,-27.832,-237.000
0.387,0.588,-0.179,-15.076,-40.466,-261.658
0.408,0.389,-0.119,-14.038,-53.833,-282.532
0.489,0.167,0.004,-22.522,-64.758,-288.818
0.608,0.018,0.177,-34.119,-69.641,-276.672
0.673,-0.010,0.254,-44.128,-61.829,-249.695
0.749,0.183,0.238,-53.040,-46.875,-219.360
0.681,0.299,0.088,-49.072,-32.898,-205.139
0.678,0.212,-0.078,-38.818,-27.832,-208.740
0.695,0.162,-0.056,-41.138,-36.377,-213.867
0.697,0.312,0.026,-47.729,-45.227,-217.285
0.615,0.398,0.010,-49.744,-46.936,-232.239
0.531,0.291,-0.033,-50.781,-46.814,-258.606
0.476,0.296,-0.050,-49.072,-51.147,-279.602
0.344,0.030,-0.098,-38.696,-57.495,-302.551
0.772,-0.405,-0.038,-24.475,-67.261,-315.979
0.262,-0.453,-0.158,37.415,-78.064,-306.519
0.031,-0.712,0.050,35.095,-88.135,-288.452
0.409,-0.830,0.350,-4.700,-89.661,-266.724
0.581,-0.806,0.301,-6.348,-73.669,-237.976
0.700,-0.927,0.202,-0.854,-55.725,-215.698
0.800,-0.833,0.280,-5.859,-50.598,-189.880
0.828,-0.715,0.288,-11.230,-42.786,-167.603
0.773,-0.566,0.163,-17.029,-32.166,-154.053
0.727,-0.534,0.089,-18.372,-29.053,-149.231
0.680,-0.591,0.110,-23.071,-32.104,-149.963
0.623,-0.577,0.093,-27.649,-34.058,-146.973
0.607,-0.641,0.014,-35.217,-35.706,-144.043
0.583,-0.700,0.129,-42.786,-42.175,-139.709
0.578,-0.702,0.231,-34.790,-45.776,-132.568
0.542,-0.762,0.131,-26.978,-39.673,-128.784
0.504,-0.826,0.043,-23.071,-38.452,-124.756
0.475,-0.955,0.064,-22.522,-46.021,-118.774
0.497,-1.019,0.136,-26.306,-53.955,-108.887
0.537,-0.976,0.177,-23.682,-57.129,-96.191
0.554,-0.934,0.178,-12.024,-56.702,-88.867
0.548,-1.022,0.155,-0.610,-56.274,-88.257
0.555,-1.122,0.191,3.113,-57.800,-84.961
0.609,-1.018,0.259,6.470,-58.044,-73.914
0.646,-0.834,0.273,12.695,-53.711,-67.566
0.654,-0.756,0.223,19.836,-47.424,-74.341
0.640,-0.802,0.199,28.809,-44.128,-86.182
0.648,-0.915,0.241,28.381,-43.274,-93.689
0.640,-0.900,0.237,25.574,-40.161,-92.041
0.629,-0.898,0.221,21.851,-36.133,-88.318
0.621,-0.925,0.226,15.381,-32.654,-86.304
0.608,-0.895,0.219,9.888,-29.480,-83.130
0.581,-0.925,0.193,8.240,-26.123,-81.726
0.568,-0.959,0.158,5.859,-24.841,-80.566
0.561,-0.902,0.142,2.991,-26.184,-77.576
0.548,-0.839,0.120,0.488,-29.053,-78.613
0.542,-0.890,0.124,-1.343,-33.264,-85.632
0.530,-0.981,0.157,-2.258,-38.025,-91.980
0.513,-1.189,0.215,-0.549,-40.344,-92.285
0.514,-1.281,0.290,-5.615,-37.842,-81.116
0.512,-1.216,0.269,-7.690,-29.419,-61.829
0.497,-1.118,0.234,-4.822,-20.447,-46.997
0.499,-1.087,0.207,-1.404,-15.259,-39.734
0.496,-1.053,0.195,1.526,-12.756,-36.011
0.485,-1.014,0.184,5.493,-11.414,-34.241
0.467,-1.066,0.198,11.230,-11.597,-34.424
0.459,-1.173,0.227,11.230,-10.925,-31.250
0.459,-1.164,0.221,6.836,-8.606,-19.043
0.467,-1.102,0.203,3.845,-6.714,-5.127
0.459,-1.097,0.220,3.784,-6.409,5.066
0.460,-1.141,0.269,3.418,-5.615,14.954
0.447,-0.989,0.236,0.549,-1.953,28.503
0.449,-0.847,0.170,0.549,0.793,34.607
0.447,-0.854,0.171,1.221,-0.793,29.297
0.441,-0.894,0.208,0.549,-3.601,23.071
0.431,-0.948,0.228,2.197,-4.150,22.644
0.417,-0.978,0.214,4.395,-2.625,27.039
0.421,-0.873,0.209,2.014,-2.197,34.973
0.456,-0.751,0.216,0.854,-2.502,38.513
0.480,-0.699,0.203,1.892,-2.808,33.142
0.480,-0.709,0.194,1.587,-4.211,22.705
0.465,-0.744,0.201,0.793,-6.958,13.123
0.475,-0.788,0.241,-0.427,-9.216,6.470
0.474,-0.813,0.311,0.793,-9.460,4.456
0.479,-0.779,0.291,6.042,-4.578,5.920
0.500,-0.722,0.238,8.240,-0.305,6.226
0.502,-0.704,0.221,7.996,0.732,2.075
0.495,-0.721,0.217,7.263,0.244,-4.578
0.473,-0.763,0.205,8.240,-0.366,-10.681
0.450,-0.811,0.188,10.864,-1.404,-14.282
0.459,-0.906,0.203,12.268,-2.808,-13.855
0.487,-1.067,0.280,6.897,-3.174,-8.240
0.493,-0.983,0.292,-1.221,1.343,5.554
0.481,-0.831,0.206,-2.075,8.484,16.357
0.462,-0.805,0.149,-0.305,10.498,13.977
0.455,-0.814,0.169,-0.488,7.202,6.958
0.463,-0.816,0.198,-2.075,4.456,1.587
0.464,-0.858,0.216,-2.686,3.967,-2.380
0.458,-0.901,0.225,-2.014,5.249,-3.723
0.443,-0.940,0.213,0.305,7.629,-2.136
0.435,-0.955,0.204,-0.732,10.010,1.221
0.426,-0.911,0.175,-1.038,11.475,6.104
0.418,-0.878,0.158,1.038,11.230,7.568
0.417,-0.917,0.142,2.441,9.338,5.066
0.422,-0.955,0.140,3.479,6.714,3.601
0.423,-0.925,0.164,6.714,3.418,5.554
0.404,-0.888,0.161,9.155,1.953,5.981
0.419,-0.877,0.152,10.132,0.793,5.432
0.453,-0.878,0.169,10.742,-1.343,5.249
0.476,-0.890,0.195,8.240,-2.930,4.272
0.475,-0.921,0.200,5.676,-2.563,4.028